FirstName,LastName,BirthDate,CurrentStateProvince,StatesProvinces
Dion,Kunde,1963-06-21,OR,OR-RI
Alonso,Feest,1994-01-03,AZ,AZ-GA-NM
Van,Morar,1965-06-22,MN,MN
Tracy,Schimmel,1957-04-09,MO,MO-VA-KY-MS
Jake,Harber,1969-02-04,CO,CO-AL-SC-MI-NY
Jamey,Sauer,1973-03-11,OR,OR-MD-FL-GA
Charley,Collier,1962-05-08,DE,DE-MN
Raphael,Greenholt,1998-11-05,MI,MI-NM
Willis,Beer,1994-10-22,NC,NC-PA-ND
Dorene,Schneider,1986-06-20,VT,VT-IL
Willian,Stokes,1975-05-30,NJ,NJ-SC-GA-NE
Sha,Reichel,1976-03-30,DE,DE-IL-ME-KY-OH
Jeffry,Abernathy,1963-05-19,IL,IL-OH-WV-OR
Leida,Mills,1967-09-07,RI,RI-MD-UT
Marquerite,Schowalter,1959-05-05,OK,OK-CO
Willard,Grimes,1985-11-08,WI,WI-RI
Louann,Abbott,1979-03-07,GA,GA-MI-CO
Bulah,Toy,1994-11-10,NE,NE
Tina,Smitham,1991-12-15,VA,VA-MI
Demetrius,Mertz,1993-07-09,WY,WY-NC-NE-RI-KS
Edmund,Blanda,1958-05-03,SC,SC-NJ-DE-SC-WV
Karly,Osinski,2002-06-12,AR,AR-OR
Alex,Hauck,1999-07-28,RI,RI-MO-NJ
Adrian,Trantow,1972-08-21,WI,WI-WV-SC
Emilie,Hane,1988-09-24,KS,KS
Bruce,Braun,1981-04-03,SC,SC
Ramonita,Mosciski,1995-07-21,ND,ND-WA
Micha,Nitzsche,1974-01-08,WV,WV-IN-NE-NE
Brian,Auer,1967-05-17,OR,OR-TX-MA-IL
Woodrow,Block,1993-11-24,DE,DE-MD-MA-OH
Elvin,Bednar,1970-05-20,AZ,AZ
Lowell,Stamm,1997-03-31,NC,NC-AK
Serafina,Medhurst,1979-03-30,AL,AL-NE
Erick,Langosh,1975-12-10,ID,ID-AK-MI
Ramona,Effertz,1973-05-17,AR,AR-VT-KS-WY-PA
Melynda,Wehner,1974-05-31,NE,NE
Vilma,Ratke,1990-11-02,MN,MN
Debrah,Jast,1968-05-14,RI,RI-WY-NJ-WA-GA
Kris,Stracke,1975-04-12,NC,NC
Rodrick,Marks,1976-02-17,KY,KY-MD
Edmond,Borer,1983-11-05,IA,IA-OH
Fernanda,O'Kon,1980-05-10,MA,MA-FL
Thurman,Bednar,1956-05-13,HI,HI-WA-NC-SD-CO
Sophie,Schmitt,1980-02-09,IL,IL
Malcom,Nienow,1958-01-26,UT,UT
Tran,McCullough,1970-06-07,TN,TN-NM-HI-IA
Lois,Schimmel,1986-07-28,WY,WY
Cheyenne,Deckow,1999-04-05,MA,MA-WI-MA-OH-MT
Eloy,Abernathy,1959-10-07,PA,PA
Ewa,Rippin,1956-08-01,IL,IL-ND-CT
Tangela,Gibson,1982-03-31,SD,SD-SC-MS-TX
Karl,Rice,1978-11-25,NY,NY-GA-GA
Madelaine,Jakubowski,1999-11-24,HI,HI-MO-MT-NC-WV
Norris,Tromp,2002-01-07,MA,MA
Dexter,Schimmel,1987-08-07,NE,NE
Zack,Stehr,1996-07-31,MD,MD
Truman,Friesen,1983-05-18,MS,MS-MS
Rod,Willms,1965-08-16,VA,VA
Cristobal,Feeney,1966-07-27,NC,NC-MI-AL-KS-PA
Giovanna,Funk,1988-06-04,WA,WA-PA-MI-IN
Phillip,Reilly,1960-06-21,NE,NE
Gene,Klein,1964-08-04,NV,NV-WI
Tyron,Zieme,1966-01-21,NV,NV-MI-IL-UT
Boyce,Walker,1993-12-07,NE,NE-FL-IN-TN-CO
Frederick,Dibbert,1956-11-17,TN,TN-CA-KS
Brendan,Glover,1993-10-17,MO,MO-MO-KS-NJ-AR
Micheal,Langosh,1999-12-11,NC,NC-SC-IL-CO
Allen,Kovacek,1991-08-27,MI,MI
Twanna,Borer,1980-11-20,IA,IA-LA-OR-MS
Virgilio,Rice,1959-05-03,MD,MD-WI
Oliver,Weissnat,1972-03-13,MS,MS-MD-HI-KS
Keven,Hammes,1968-03-31,FL,FL-GA
Tyron,Frami,1992-05-18,MT,MT-IL-MA-FL
Gene,Schiller,1980-09-28,OH,OH
Claudio,Botsford,1995-08-22,LA,LA-NM-SD
Domingo,Marvin,1998-01-18,WA,WA-GA-MN-OR
Everett,Ziemann,1986-03-27,IN,IN-ID-KS
Vivan,Lynch,1981-09-18,UT,UT-WY-MA
Macy,Hermann,1963-07-28,DE,DE-HI-MN
Liz,Pagac,1965-08-08,RI,RI-ND-MN-LA-KY
Miquel,Moen,1993-07-11,IA,IA
Freeman,O'Reilly,1968-09-18,MN,MN-VA-RI-TN-MS
Herta,Torp,1970-08-20,GA,GA
Tory,McKenzie,1994-12-15,MN,MN-MS-AR-NV
Breann,Hagenes,1981-02-09,UT,UT-IN-CO
Josephina,Padberg,2002-09-15,NC,NC-WV-IL-ND
Brianna,Kessler,1996-07-18,HI,HI-CO-VT-VT
Lavada,Von,1957-06-12,SC,SC-OR-MO-MI
Stefania,Ratke,1989-01-21,MI,MI-IA-MD
Ali,McCullough,1964-10-05,IL,IL
Freida,McKenzie,1968-07-05,OH,OH-WY
Graig,Streich,1991-12-08,VT,VT-NV-NJ
Sammy,Gutmann,1969-09-05,RI,RI
Tina,Swaniawski,1969-01-11,NE,NE-HI
Catheryn,Olson,1990-09-28,NV,NV-IA-OR-MO-CT
Carmella,O'Hara,1986-11-26,AK,AK-IN
Oscar,Stiedemann,1961-06-18,NY,NY-VT-KS-NY
Benton,Runolfsdottir,1975-09-08,NM,NM-VA
Marjorie,McDermott,1999-03-11,MA,MA
Kelvin,Emmerich,2001-01-26,ID,ID-AR-NH-UT-KY
